{"class_1_f1":0.3333333333333333,"class_2_recall":1,"_runtime":2,"class_1_recall":0.23076923076923078,"class_0_f1":0.9444444444444444,"confusion_matrix":{"height":400,"_type":"image-file","sha256":"4f09fe0e59f6ea4913700554abe1121c8668e4c0349ff3e87a1e641383b74c18","size":16443,"path":"media/images/confusion_matrix_4_4f09fe0e59f6ea491370.png","format":"png","width":400},"accuracy":0.7333333333333333,"_wandb":{"runtime":2},"class_1_precision":0.6,"class_2_precision":0.5652173913043478,"_timestamp":1.7616301180773828e+09,"_step":4,"class_0_precision":1,"class_0_recall":0.8947368421052632,"class_2_f1":0.7222222222222222}