{"_step":4,"_wandb":{"runtime":2},"class_0_precision":1,"_runtime":2,"class_0_recall":0.7368421052631579,"class_0_f1":0.8484848484848485,"accuracy":0.6444444444444445,"class_2_recall":1,"class_1_f1":0.2,"class_2_precision":0.5416666666666666,"class_2_f1":0.7027027027027027,"_timestamp":1.7616301107237241e+09,"class_1_recall":0.15384615384615385,"class_1_precision":0.2857142857142857,"confusion_matrix":{"_type":"image-file","sha256":"d73eab805e82b1a7bbb55a9b02f0db59ff0ab4e9438f9b4da267d43fbe3c01df","size":16229,"path":"media/images/confusion_matrix_4_d73eab805e82b1a7bbb5.png","format":"png","width":400,"height":400}}